Company Name,Company Description,Sales Markets,Primary Business Activity,Categories,Events,Address,Email,Telephone,Website,Company URL
Cosun Ingredients,"Cosun Ingredients offers a broad portfolio of plant-based ingredient solutions, including Sensus® chicory root fiber, Tendra® fava bean protein and Fidesse® beet fiber. Combining expertise in fibers & prebiotics, proteins and texturants, we help food and beverage brands and manufacturers develop products that deliver on nutrition, taste, texture and sustainability. Through ingredient innovation, application expertise and scientific insights, we support the creation of future-fit food solutions that meet evolving consumer needs.",Asia; Central/South America; North America; Western Europe,Manufacturer: Ingredients / Additives,N/A,Fi Europe 2026; Vitafoods Europe 2027; Recently at; Vitafoods Europe 2026; Vitafoods Europe 2025,"Kreekweg 1, 4671 VA, Dinteloord, Netherlands",info@cosuningredients.com,+31 165 582 500,https://www.cosuningredients.com,https://www.ingredientsnetwork.com/cosun-ingredients-comp316951.html
Magnesium Glycerophosphate,N/A,N/A,N/A,N/A,N/A,"No.26 Linpu Road, 222000, Lianyungang Jiangsu, China",sales@reephos.com,+86 51 885616669,https://www.reephos.com,https://www.ingredientsnetwork.com/magnesium-glycerophosphate-prod1326769.html
Betaine,N/A,N/A,N/A,N/A,N/A,"Friedrich-Wilhelm-Raiffeisen-Platz 1, 1020, WIEN, Austria",info.sales@agrana.com,+43 1 211 37-0,https://www.agrana.com,https://www.ingredientsnetwork.com/betaine-prod1325897.html
Amino Acids,N/A,Western Europe | Eastern Europe,N/A,N/A,N/A,"Börsenbrücke 2, 20457, Hamburg, Germany",d.bugar@terchemicals.com,+49 40 300 501 0,https://www.cosuningredients.com,https://www.ingredientsnetwork.com/amino-acids-prod1271874.html
Arla Foods Ingredients,"Together we discover and deliver powerful nutrition for a stronger tomorrow

Arla Foods Ingredients is a global leader in improving premium nutrition. Together with our customers, research partners, suppliers, NGOs and others, we discover and deliver ingredients and products that can advance lifelong nutrition for the benefit of consumers around the world.

A passion for progress, combined with specialist knowledge of food products and production technology, and a strong commitment to sustainability, enables us to serve leading global brands in early life nutrition, medical nutrition, sports nutrition, health foods, and other foods and beverages.

Arla Foods Ingredients is a 100% owned subsidiary of the dairy company Arla Foods.",Africa; Asia; Australia; Central/South America; Eastern Europe; Middle East; North America; Western Europe,Manufacturer: Ingredients / Additives,N/A,Fi Europe 2026; Vitafoods Europe 2027; Recently at; Vitafoods Europe 2026; Vitafoods Europe 2025,"Sønderhøj 10-12, 8260 J, Viby, Denmark",ingredients@arlafoods.com,+45 89 38 10 00,https://www.arlafoodsingredients.com,https://www.ingredientsnetwork.com/arla-foods-ingredients-comp248870.html
BungeMaxx® S-1000 INF - Sunflower Lecithin for Infant Nutrition Applications,N/A,Western Europe | Eastern Europe,N/A,N/A,N/A,"Provincialeweg 33, 1506 MA, Zaandam, Netherlands",blc.eu@bunge.com,+31 75 629 29 11,https://www.bunge.com,https://www.ingredientsnetwork.com/bungemaxx-s-1000-inf-sunflower-lecithin-for-prod1326086.html
CreaWin,N/A,N/A,N/A,N/A,N/A,"Unit I, Baldonnel Business Park, D22YH57, Dublin, Ireland",sales@vitaactives.com,0035314690882,https://vitaactives.com/,https://www.ingredientsnetwork.com/creawin-prod1317300.html
Sensus Frutafit inulin,N/A,Western Europe | Eastern Europe | Middle East | Asia | Australia | North America | Central/South America,N/A,N/A,N/A,"Kreekweg 1, 4671 VA, Dinteloord, Netherlands",info@cosuningredients.com,+31 165 582 500,https://www.cosuningredients.com,https://www.ingredientsnetwork.com/sensus-frutafit-inulin-prod1294835.html
PB Leiner,"With 150 years of expertise, PB Leiner is one of the world’s leading manufacturers of high-quality gelatins and collagen peptides solutions. It has manufacturing plants situated on four continents and it provides technical and sales support across the globe. PB Leiner supplies a growing market in food & beverages, health & nutrition, pharmaceutical and technical applications. 

Gelatin and collagen: versatile health ingredients

 PB Leiner’s product portfolio includes a wide range of gelatin and collagen peptide formulations from bovine, porcine, and fish origin. All of PB Leiner’s ingredients are 100% natural and guarantee excellent traceability. 

PB Leiner is part of Tessenderlo Group.",Africa; Asia; Australia; Central/South America; Eastern Europe; Middle East; North America; Western Europe,Raw Material Supplier,N/A,"Fi Europe 2026; Vitafoods Europe 2027; Recently at; Vitafoods Europe 2026; Vitafoods Europe 2025; PB Leiner to showcase its cutting-edge collagen peptides and gelatin innovations at Vitafoods Europe 2025; PB Leiner, which is part of Tessenderlo Group and one of the world’s leading gelatin and collagen peptides solutions manufacturers, will be presenting three groundbreaking innovations at Vitafoods Europe 2025 (Booth 3J80), consolidating its position at the forefront of scientific advancement in the nutraceuticals industry.","Marius Duchéstraat 260, 1800, Vilvoorde, Belgium",info@pbleiner.com,+ 32 2 255 62 21,https://www.pbleiner.com,https://www.ingredientsnetwork.com/pb-leiner-comp249172.html
Black Pepper,N/A,Western Europe,N/A,N/A,N/A,"Route des Gouttes-d'Or 24a, 2000, Neuchâtel, Switzerland",info@jayanti.com,+41 32 96 79 595,https://www.jayanti.com,https://www.ingredientsnetwork.com/black-pepper-prod657717.html
Jelly,N/A,Asia,N/A,N/A,N/A,"WTC, Tower 10 – 7th Floor, Strawinskylaan 763, 1077 XX, Amsterdam, Netherlands",ficustomerservice@informa.com,+31(0)20 245 5355,https://www.figlobal.com/fieurope/en/home.html,https://www.ingredientsnetwork.com/jelly-prod1319918.html
Variolac® whey permeate,N/A,N/A,N/A,N/A,N/A,"Sønderhøj 10-12, 8260 J, Viby, Denmark",ingredients@arlafoods.com,+45 89 38 10 00,https://www.arlafoodsingredients.com,https://www.ingredientsnetwork.com/variolac-whey-permeate-prod1325407.html
PharmaLinea Ltd,"PharmaLinea develops and manufactures clinically supported private label food supplements, fit for best-quality brands. Our portfolio of premium turnkey nutraceutical products covers therapeutic areas including iron deficiency, women’s health, bones & joints, hydration, and more, across formats such as capsules, tablets, liquids, and powders. With over 10 published clinical studies on our finished products, multiple proprietary branded ingredients and technologies, and awarded taste, PharmaLinea products provide differentiation for client brands and added value for their consumers. Manufacturing in the EU across two state-of-the-art facilities, PharmaLinea ensures the highest quality in every product. We are part of the Informa Advisory Board and recipients of multiple international recognitions, including Forbes and NutraIngredients Awards. PharmaLinea’s mission is to empower our clients with premium, clinically substantiated nutraceuticals and comprehensive support - from registration and science to marketing - ensuring lasting brand success.",Africa; Asia; Central/South America; Eastern Europe; Middle East; North America; Western Europe,Contract Manufacturer,N/A,Vitafoods Europe 2027; Recently at; Vitafoods Europe 2026; Vitafoods Europe 2025,"Cesta v Mestni log 88a, SI-1000, Ljubljana,, Slovenia",info@pharmalinea.com,+31 165 582 500,https://pharmalinea.com/,https://www.ingredientsnetwork.com/pharmalinea-ltd-comp307554.html
Plant-based proteins,N/A,N/A,N/A,N/A,N/A,"Bedrijvenlaan 9, 2800, Mechelen, Belgium",events@cargill.com,+32 15400411,https://www.cargill.com/food-beverage/emea/food-emea,https://www.ingredientsnetwork.com/plant-based-proteins-prod1325382.html
Basic Yeast Extract (Powder),N/A,Western Europe | Eastern Europe | Middle East | Asia | Australia | North America | Africa | Central/South America,N/A,N/A,N/A,"#168, Chengdong Avenue,, Yichang, China",info@cosuningredients.com,+86 7176369520,https://www.cosuningredients.com,https://www.ingredientsnetwork.com/basic-yeast-extract-powder-prod960930.html
>> WOMEN PMS and Period Pain Relief,N/A,Western Europe | Eastern Europe | Middle East | Asia | North America,N/A,N/A,N/A,"Krasno Selo 48 Gotze Deltchev Bulentr 1 Office 5, 1680, Sofia, Bulgaria",office@venusroses-labsolutions.eu,+31 165 582 500,https://www.venusroses-labsolutions.eu,https://www.ingredientsnetwork.com/women-pms-and-period-pain-relief-prod1304884.html
Essentia Protein Solutions (BHJ A/S),"Whether you are looking to clean up your label, add appealing attributes to your food or beverage product or improve the nutritional value of your brand, Essentia Protein Solutions can help you reach your goals.

Essentia Protein Solutions is a global producer of animal protein solutions for the food and beverage industry. All Essentia ingredients are derived from natural raw materials originating from beef, pork, chicken, turkey, lamb and fish. The advanced fractionation methods used in our modern facilities only involve thermal and mechanical processing, without using food additives of any kind.

Ingredients from Essentia Protein Solutions fall into three core categories:",Africa; Asia; Australia; Central/South America; Eastern Europe; Middle East; Western Europe,Manufacturer: Ingredients / Additives,N/A,Fi Europe 2026; Vitafoods Europe 2027; Recently at; Vitafoods Europe 2026; Vitafoods Europe 2025,"Ulsnaes 33, DK-6300, Graasten, Denmark",contact.dk@essentiaproteins.com,+45 2894 2736,https://essentiaproteins.com/,https://www.ingredientsnetwork.com/essentia-protein-solutions-bhj-a-s-comp250349.html
Fros,N/A,N/A,N/A,N/A,N/A,"Via Trento 7, 35020, Padova, Italy",info@igdi.it,+39 – 049 – 8862824,https://www.ilgranaiodelleidee.com,https://www.ingredientsnetwork.com/fros-prod1324923.html
Nutri Whey Fermentis,N/A,Western Europe | Eastern Europe | North America,N/A,N/A,N/A,"Stationsplein 4, 3818LE, Amersfoort, Netherlands",info@frieslandcampinaingredients.com,+31 33 71 33 333,https://www.frieslandcampinaingredients.com,https://www.ingredientsnetwork.com/nutri-whey-fermentis-prod1295126.html
Bovine Skin Gelatin,N/A,Western Europe | Eastern Europe | Middle East | Asia | Australia | North America | Africa,N/A,N/A,N/A,"MARMARACIK OSB. MAH. KUZEY CAD NO:23/1, 59000, Tekirdag, Türkiye",saadet.karabulut@mayagelatin.com,+31 165 582 500,https://www.cosuningredients.com,https://www.ingredientsnetwork.com/bovine-skin-gelatin-prod1308113.html
Nektium,"Nektium is a Spain-based nutraceutical company that combines ethnobotanical knowledge, science, and market insights to create innovative plant-based solutions, promoting sustainable & healthy living worldwide. Our product portfolio covers a range of health benefits, with a particular focus on cognition, stress & relax, sports & active nutrition as well as weight management.

With a deep understanding of botanicals and state-of-the-art and eco-friendly technology, Nektium focuses with an experience of over 25 years on quality and full transparency along the entire value chain to deliver proven solutions to the market in the shape of safe, environmentally-conscious and evidence-based botanical extracts.",Asia; Australia; North America; Western Europe,Manufacturer: Ingredients / Additives,N/A,"Vitafoods Europe 2027; Recently at; Vitafoods Europe 2026; Vitafoods Europe 2025; Nektium launches Vanizem™ at Vitafoods Europe 2024, addressing stress and mood support","C/ Las Mimosas 8 Pol. Industrial Arinaga, 35118, Aguimes - Gran Canaria, Spain",customerservice@nektium.com,+34 928 734 132,https://www.nektium.com,https://www.ingredientsnetwork.com/nektium-comp272807.html
Fructosan Crystalline Fructose,N/A,Western Europe | Eastern Europe | Middle East | Asia | Australia | North America | Africa | Central/South America,N/A,N/A,N/A,"Haci Sabanci Osb Yunus Emre Cad N.8 Saricam, 01410, Adana, Türkiye",info@cosuningredients.com,0097254633886,https://www.cosuningredients.com,https://www.ingredientsnetwork.com/fructosan-crystalline-fructose-prod1003652.html
Eficacia Advanced,N/A,N/A,N/A,N/A,N/A,"129, Chemin de Croisset BP 4151, 76723, Rouen, France",info@nexira.com,+33 232 83 18 18,https://www.nexira.com,https://www.ingredientsnetwork.com/eficacia-advanced-prod1324375.html
PalPremio™ Bone Broth,N/A,N/A,N/A,N/A,N/A,"Ulsnaes 33, DK-6300, Graasten, Denmark",contact.dk@essentiaproteins.com,+45 2894 2736,https://essentiaproteins.com/,https://www.ingredientsnetwork.com/palpremio-bone-broth-prod1324377.html
Sabinsa Europe GmbH,"Sabinsa, founded in 1988, is a manufacturer, supplier and marketer of over 130 herbal and botanical extracts, biotics, minerals, and specialty fine chemicals for the dietary supplement, functional food and beverage, personal care, and cosmetics industries.",Eastern Europe; Western Europe,Manufacturer: Ingredients / Additives,N/A,Vitafoods Europe 2027; Recently at; Vitafoods Europe 2026; Vitafoods Europe 2025,"Monzastrasse 4, 63225, Langen, Germany",info@sabinsa.eu,+49 6103 27011 11,https://www.sabinsa.eu,https://www.ingredientsnetwork.com/sabinsa-europe-gmbh-comp249672.html
UNIGRANDE M425,N/A,N/A,N/A,N/A,N/A,"Via Gardizza 9/B, 48017, Conselice (RA), Italy",info@unigra.it,+39 0545989511,https://www.unigra.it,https://www.ingredientsnetwork.com/unigrande-m425-prod1324372.html
Feeding the future with Faba Bean ingredients,N/A,N/A,N/A,N/A,N/A,"Maximilianstrasse 10, 68165, Mannheim, Germany",contact@beneo.com,+49621421150,https://www.beneo.com,https://www.ingredientsnetwork.com/feeding-the-future-with-faba-bean-ingredients-prod1324221.html
Fiber System VITACEL® MGN,N/A,N/A,N/A,N/A,N/A,"Holzmuehle 1, 73494, Rosenberg, Germany",food@jrs.de,+ 49 7967 152-0,https://www.jrs.de,https://www.ingredientsnetwork.com/fiber-system-vitacel-mgn-prod1324216.html
Jungbunzlauer,"Jungbunzlauer is a leading producer of high-quality, sustainable ingredients from natural sources, serving industries from food and beverage, to nutrition, health, and home and personal care. As a trusted partner, we offer a diverse portfolio of texturants, acidulants, minerals, and tailored solutions to meet our customers' evolving needs. Headquartered in Basel, Switzerland, with state-of-the-art facilities including large-scale fermentation operations across Europe and North America, we proudly serve over 130 countries worldwide. Founded more than 150 years ago, Jungbunzlauer has grown into a CHF 1.3 billion company, driven by nearly 1,400 dedicated colleagues committed to a healthier, more sustainable future. Learn more at www.jungbunzlauer.com.",Africa; Asia; Australia; Central/South America; Eastern Europe; Middle East; North America; Western Europe,Manufacturer: Ingredients / Additives,N/A,Fi Europe 2026; Vitafoods Europe 2027; Recently at; Vitafoods Europe 2026,"Aeschengraben 27, 4051, Basel, Switzerland",headquarters@jungbunzlauer.com,+41 61 2955 100,https://www.jungbunzlauer.com,https://www.ingredientsnetwork.com/jungbunzlauer-comp249077.html
Lamequick® VE 56 - Premium Plant-Based Whipping Agent,N/A,N/A,N/A,N/A,N/A,"29 Rte de L’Aéroport Case postale 236, 1215, GENEVA, Switzerland",global-ingredients@ldc.com,+41 58 688 2700,https://www.cosuningredients.com,https://www.ingredientsnetwork.com/lamequick-ve-56-premium-plant-based-whipping-agent-prod1324215.html
