Title,Date Range,Week Range,Interior Price,Ocean View Price,Balcony Price,Suite Price,URL
3-Night Bahamian Cruise from Port Canaveral,"November 6 - 9, 2026",Friday - Monday,"1750 USD
$
1,750","1882 USD
$
1,882","2050 USD
$
2,050","5326 USD
$
5,326",https://disneycruise.disney.go.com/en-in/cruises-destinations/list/WW0526/3-Night-Bahamian-Cruise-from-Port-Canaveral/2026-11-06-Disney-Wish/WW-INSIDE
3-Night Bahamian Cruise from Port Canaveral,"December 28 - 31, 2026",Monday - Thursday,"3448 USD
$
3,448","4048 USD
$
4,048","4168 USD
$
4,168","8026 USD
$
8,026",https://disneycruise.disney.go.com/en-in/cruises-destinations/list/WW0541/3-Night-Bahamian-Cruise-from-Port-Canaveral/2026-12-28-Disney-Wish/WW-INSIDE
3-Night Bahamian Cruise from Port Canaveral,"January 3 - 6, 2027",Sunday - Wednesday,"1916 USD
$
1,916","2090 USD
$
2,090","2306 USD
$
2,306","4172 USD
$
4,172",https://disneycruise.disney.go.com/en-in/cruises-destinations/list/DF0851/3-Night-Bahamian-Cruise-from-Port-Canaveral/2027-01-03-Disney-Fantasy/DF-INSIDE
3-Night Bahamian Cruise from Port Canaveral,"January 8 - 11, 2027",Friday - Monday,"2003 USD
$
2,003","2177 USD
$
2,177","2465 USD
$
2,465","4907 USD
$
4,907",https://disneycruise.disney.go.com/en-in/cruises-destinations/list/WW0544/3-Night-Bahamian-Cruise-from-Port-Canaveral/2027-01-08-Disney-Wish/WW-INSIDE
3-Night Bahamian Cruise from Port Canaveral,"January 15 - 18, 2027",Friday - Monday,"2387 USD
$
2,387","2543 USD
$
2,543","2717 USD
$
2,717","5207 USD
$
5,207",https://disneycruise.disney.go.com/en-in/cruises-destinations/list/WW0546/3-Night-Bahamian-Cruise-from-Port-Canaveral/2027-01-15-Disney-Wish/WW-INSIDE
3-Night Bahamian Cruise from Port Canaveral,"January 22 - 25, 2027",Friday - Monday,"2003 USD
$
2,003","2177 USD
$
2,177","2465 USD
$
2,465","4907 USD
$
4,907",https://disneycruise.disney.go.com/en-in/cruises-destinations/list/WW0548/3-Night-Bahamian-Cruise-from-Port-Canaveral/2027-01-22-Disney-Wish/WW-INSIDE
3-Night Bahamian Cruise from Port Canaveral,"January 29 - February 1, 2027",Friday - Monday,"2003 USD
$
2,003","2177 USD
$
2,177","2465 USD
$
2,465","4907 USD
$
4,907",https://disneycruise.disney.go.com/en-in/cruises-destinations/list/WW0550/3-Night-Bahamian-Cruise-from-Port-Canaveral/2027-01-29-Disney-Wish/WW-INSIDE
3-Night Bahamian Cruise from Port Canaveral,"February 5 - 8, 2027",Friday - Monday,"2087 USD
$
2,087",N/A,"2531 USD
$
2,531","4937 USD
$
4,937",https://disneycruise.disney.go.com/en-in/cruises-destinations/list/WW0552/3-Night-Bahamian-Cruise-from-Port-Canaveral/2027-02-05-Disney-Wish/WW-INSIDE
3-Night Bahamian Cruise from Port Canaveral,"February 12 - 15, 2027",Friday - Monday,"2477 USD
$
2,477","2807 USD
$
2,807","3071 USD
$
3,071","5927 USD
$
5,927",https://disneycruise.disney.go.com/en-in/cruises-destinations/list/WW0554/3-Night-Bahamian-Cruise-from-Port-Canaveral/2027-02-12-Disney-Wish/WW-INSIDE
3-Night Bahamian Cruise from Port Canaveral,"February 19 - 22, 2027",Friday - Monday,"2015 USD
$
2,015","2189 USD
$
2,189","2417 USD
$
2,417","4847 USD
$
4,847",https://disneycruise.disney.go.com/en-in/cruises-destinations/list/WW0556/3-Night-Bahamian-Cruise-from-Port-Canaveral/2027-02-19-Disney-Wish/WW-INSIDE
3-Night Bahamian Cruise from Port Canaveral,"February 26 - March 1, 2027",Friday - Monday,"2015 USD
$
2,015","2189 USD
$
2,189","2417 USD
$
2,417","4847 USD
$
4,847",https://disneycruise.disney.go.com/en-in/cruises-destinations/list/WW0558/3-Night-Bahamian-Cruise-from-Port-Canaveral/2027-02-26-Disney-Wish/WW-INSIDE
3-Night Bahamian Cruise from Port Canaveral,"March 5 - 8, 2027",Friday - Monday,"2273 USD
$
2,273","2447 USD
$
2,447","2735 USD
$
2,735","6167 USD
$
6,167",https://disneycruise.disney.go.com/en-in/cruises-destinations/list/WW0560/3-Night-Bahamian-Cruise-from-Port-Canaveral/2027-03-05-Disney-Wish/WW-INSIDE
3-Night Bahamian Cruise from Port Canaveral,"March 12 - 15, 2027",Friday - Monday,"2375 USD
$
2,375","2549 USD
$
2,549","2837 USD
$
2,837","6647 USD
$
6,647",https://disneycruise.disney.go.com/en-in/cruises-destinations/list/WW0562/3-Night-Bahamian-Cruise-from-Port-Canaveral/2027-03-12-Disney-Wish/WW-INSIDE
3-Night Bahamian Cruise from Port Canaveral,"March 19 - 22, 2027",Friday - Monday,"2411 USD
$
2,411","2609 USD
$
2,609","2861 USD
$
2,861","6707 USD
$
6,707",https://disneycruise.disney.go.com/en-in/cruises-destinations/list/WW0564/3-Night-Bahamian-Cruise-from-Port-Canaveral/2027-03-19-Disney-Wish/WW-INSIDE
3-Night Bahamian Cruise from Port Canaveral,"March 26 - 29, 2027",Friday - Monday,"2987 USD
$
2,987","3137 USD
$
3,137","3431 USD
$
3,431","6407 USD
$
6,407",https://disneycruise.disney.go.com/en-in/cruises-destinations/list/WW0566/3-Night-Bahamian-Cruise-from-Port-Canaveral/2027-03-26-Disney-Wish/WW-INSIDE
3-Night Bahamian Cruise from Port Canaveral,"April 2 - 5, 2027",Friday - Monday,"2357 USD
$
2,357","2561 USD
$
2,561","2849 USD
$
2,849","5627 USD
$
5,627",https://disneycruise.disney.go.com/en-in/cruises-destinations/list/WW0568/3-Night-Bahamian-Cruise-from-Port-Canaveral/2027-04-02-Disney-Wish/WW-INSIDE
3-Night Bahamian Cruise from Port Canaveral,"April 9 - 12, 2027",Friday - Monday,"2237 USD
$
2,237","2381 USD
$
2,381","2669 USD
$
2,669","5327 USD
$
5,327",https://disneycruise.disney.go.com/en-in/cruises-destinations/list/WW0570/3-Night-Bahamian-Cruise-from-Port-Canaveral/2027-04-09-Disney-Wish/WW-INSIDE
3-Night Bahamian Cruise from Port Canaveral,"April 16 - 19, 2027",Friday - Monday,"2147 USD
$
2,147","2291 USD
$
2,291","2579 USD
$
2,579","5177 USD
$
5,177",https://disneycruise.disney.go.com/en-in/cruises-destinations/list/WW0572/3-Night-Bahamian-Cruise-from-Port-Canaveral/2027-04-16-Disney-Wish/WW-INSIDE
3-Night Bahamian Cruise from Port Canaveral,"April 19 - 22, 2027",Monday - Thursday,"2147 USD
$
2,147","2297 USD
$
2,297","2465 USD
$
2,465","4967 USD
$
4,967",https://disneycruise.disney.go.com/en-in/cruises-destinations/list/WW0573/3-Night-Bahamian-Cruise-from-Port-Canaveral/2027-04-19-Disney-Wish/WW-INSIDE
3-Night Bahamian Cruise from Port Canaveral,"April 22 - 25, 2027",Thursday - Sunday,"2279 USD
$
2,279","2423 USD
$
2,423","2717 USD
$
2,717","5297 USD
$
5,297",https://disneycruise.disney.go.com/en-in/cruises-destinations/list/WW0574/3-Night-Bahamian-Cruise-from-Port-Canaveral/2027-04-22-Disney-Wish/WW-INSIDE
3-Night Bahamian Cruise from Port Canaveral,"April 27 - 30, 2027",Tuesday - Friday,"2065 USD
$
2,065","2173 USD
$
2,173","2365 USD
$
2,365","5065 USD
$
5,065",https://disneycruise.disney.go.com/en-in/cruises-destinations/list/DD1569/3-Night-Bahamian-Cruise-from-Port-Canaveral/2027-04-27-Disney-Dream/DD-INSIDE
3-Night Bahamian Cruise from Port Canaveral,"April 30 - May 3, 2027",Friday - Monday,"2077 USD
$
2,077","2191 USD
$
2,191","2395 USD
$
2,395","4489 USD
$
4,489",https://disneycruise.disney.go.com/en-in/cruises-destinations/list/DD1570/3-Night-Bahamian-Cruise-from-Port-Canaveral/2027-04-30-Disney-Dream/DD-INSIDE
3-Night Bahamian Cruise from Port Canaveral,"May 7 - 10, 2027",Friday - Monday,"2107 USD
$
2,107","2221 USD
$
2,221","2431 USD
$
2,431","4561 USD
$
4,561",https://disneycruise.disney.go.com/en-in/cruises-destinations/list/DD1572/3-Night-Bahamian-Cruise-from-Port-Canaveral/2027-05-07-Disney-Dream/DD-INSIDE
3-Night Bahamian Cruise from Port Canaveral,"May 14 - 17, 2027",Friday - Monday,"2143 USD
$
2,143","2263 USD
$
2,263","2479 USD
$
2,479","4519 USD
$
4,519",https://disneycruise.disney.go.com/en-in/cruises-destinations/list/DD1574/3-Night-Bahamian-Cruise-from-Port-Canaveral/2027-05-14-Disney-Dream/DD-INSIDE
3-Night Bahamian Cruise from Port Canaveral,"May 21 - 24, 2027",Friday - Monday,"2485 USD
$
2,485","2599 USD
$
2,599","2737 USD
$
2,737","5689 USD
$
5,689",https://disneycruise.disney.go.com/en-in/cruises-destinations/list/DD1576/3-Night-Bahamian-Cruise-from-Port-Canaveral/2027-05-21-Disney-Dream/DD-INSIDE
3-Night Bahamian Cruise from Port Canaveral,"May 28 - 31, 2027",Friday - Monday,"2737 USD
$
2,737","2863 USD
$
2,863","3019 USD
$
3,019","6301 USD
$
6,301",https://disneycruise.disney.go.com/en-in/cruises-destinations/list/DD1578/3-Night-Bahamian-Cruise-from-Port-Canaveral/2027-05-28-Disney-Dream/DD-INSIDE
3-Night Bahamian Cruise from Port Canaveral,"June 4 - 7, 2027",Friday - Monday,"2615 USD
$
2,615","2753 USD
$
2,753","2999 USD
$
2,999","4901 USD
$
4,901",https://disneycruise.disney.go.com/en-in/cruises-destinations/list/DD1580/3-Night-Bahamian-Cruise-from-Port-Canaveral/2027-06-04-Disney-Dream/DD-INSIDE
3-Night Bahamian Cruise from Port Canaveral,"June 11 - 14, 2027",Friday - Monday,"2633 USD
$
2,633","2771 USD
$
2,771","3005 USD
$
3,005","5021 USD
$
5,021",https://disneycruise.disney.go.com/en-in/cruises-destinations/list/DD1582/3-Night-Bahamian-Cruise-from-Port-Canaveral/2027-06-11-Disney-Dream/DD-INSIDE
3-Night Bahamian Cruise from Port Canaveral,"June 18 - 21, 2027",Friday - Monday,"2657 USD
$
2,657","2789 USD
$
2,789","3011 USD
$
3,011","5039 USD
$
5,039",https://disneycruise.disney.go.com/en-in/cruises-destinations/list/DD1584/3-Night-Bahamian-Cruise-from-Port-Canaveral/2027-06-18-Disney-Dream/DD-INSIDE
3-Night Bahamian Cruise from Port Canaveral,"July 2 - 5, 2027",Friday - Monday,"2789 USD
$
2,789","2927 USD
$
2,927","3131 USD
$
3,131","5039 USD
$
5,039",https://disneycruise.disney.go.com/en-in/cruises-destinations/list/DD1588/3-Night-Bahamian-Cruise-from-Port-Canaveral/2027-07-02-Disney-Dream/DD-INSIDE
3-Night Bahamian Cruise from Port Canaveral,"July 9 - 12, 2027",Friday - Monday,"2693 USD
$
2,693","2825 USD
$
2,825","3047 USD
$
3,047","4967 USD
$
4,967",https://disneycruise.disney.go.com/en-in/cruises-destinations/list/DD1590/3-Night-Bahamian-Cruise-from-Port-Canaveral/2027-07-09-Disney-Dream/DD-INSIDE
3-Night Bahamian Cruise from Port Canaveral,"July 16 - 19, 2027",Friday - Monday,"2681 USD
$
2,681","2813 USD
$
2,813","3029 USD
$
3,029","4919 USD
$
4,919",https://disneycruise.disney.go.com/en-in/cruises-destinations/list/DD1592/3-Night-Bahamian-Cruise-from-Port-Canaveral/2027-07-16-Disney-Dream/DD-INSIDE
3-Night Bahamian Cruise from Port Canaveral,"July 23 - 26, 2027",Friday - Monday,"2687 USD
$
2,687","2819 USD
$
2,819","3041 USD
$
3,041","4967 USD
$
4,967",https://disneycruise.disney.go.com/en-in/cruises-destinations/list/DD1594/3-Night-Bahamian-Cruise-from-Port-Canaveral/2027-07-23-Disney-Dream/DD-INSIDE
3-Night Bahamian Cruise from Port Canaveral,"July 30 - August 2, 2027",Friday - Monday,"2657 USD
$
2,657","2789 USD
$
2,789","2999 USD
$
2,999","4955 USD
$
4,955",https://disneycruise.disney.go.com/en-in/cruises-destinations/list/DD1596/3-Night-Bahamian-Cruise-from-Port-Canaveral/2027-07-30-Disney-Dream/DD-INSIDE
3-Night Bahamian Cruise from Port Canaveral,"August 13 - 16, 2027",Friday - Monday,"2117 USD
$
2,117","2243 USD
$
2,243","2459 USD
$
2,459","4391 USD
$
4,391",https://disneycruise.disney.go.com/en-in/cruises-destinations/list/DD1600/3-Night-Bahamian-Cruise-from-Port-Canaveral/2027-08-13-Disney-Dream/DD-INSIDE
3-Night Bahamian Cruise from Port Canaveral,"August 20 - 23, 2027",Friday - Monday,"2087 USD
$
2,087","2213 USD
$
2,213","2411 USD
$
2,411","4517 USD
$
4,517",https://disneycruise.disney.go.com/en-in/cruises-destinations/list/DD1602/3-Night-Bahamian-Cruise-from-Port-Canaveral/2027-08-20-Disney-Dream/DD-INSIDE
3-Night Bahamian Cruise from Port Canaveral,"August 27 - 30, 2027",Friday - Monday,"2063 USD
$
2,063","2189 USD
$
2,189","2393 USD
$
2,393","4409 USD
$
4,409",https://disneycruise.disney.go.com/en-in/cruises-destinations/list/DD1604/3-Night-Bahamian-Cruise-from-Port-Canaveral/2027-08-27-Disney-Dream/DD-INSIDE
3-Night Bahamian Cruise from Port Canaveral,"September 3 - 6, 2027",Friday - Monday,"2225 USD
$
2,225","2351 USD
$
2,351","2555 USD
$
2,555","4613 USD
$
4,613",https://disneycruise.disney.go.com/en-in/cruises-destinations/list/DD1606/3-Night-Bahamian-Cruise-from-Port-Canaveral/2027-09-03-Disney-Dream/DD-INSIDE
3-Night Bahamian Cruise from Port Canaveral,"November 5 - 8, 2027",Friday - Monday,"2205 USD
$
2,205","2337 USD
$
2,337","2583 USD
$
2,583","4773 USD
$
4,773",https://disneycruise.disney.go.com/en-in/cruises-destinations/list/DD1624/3-Night-Bahamian-Cruise-from-Port-Canaveral/2027-11-05-Disney-Dream/DD-INSIDE
3-Night Bahamian Cruise from Port Canaveral,"November 16 - 19, 2027",Tuesday - Friday,"2230 USD
$
2,230","2374 USD
$
2,374","2602 USD
$
2,602","5728 USD
$
5,728",https://disneycruise.disney.go.com/en-in/cruises-destinations/list/WW0606/3-Night-Bahamian-Cruise-from-Port-Canaveral/2027-11-16-Disney-Wish/WW-INSIDE
3-Night Bahamian Cruise from Port Canaveral,"January 7 - 10, 2028",Friday - Monday,"2176 USD
$
2,176","2350 USD
$
2,350","2638 USD
$
2,638","5272 USD
$
5,272",https://disneycruise.disney.go.com/en-in/cruises-destinations/list/WW0621/3-Night-Bahamian-Cruise-from-Port-Canaveral/2028-01-07-Disney-Wish/WW-INSIDE
3-Night Bahamian Cruise from Port Canaveral,"January 14 - 17, 2028",Friday - Monday,"2332 USD
$
2,332","2536 USD
$
2,536","2794 USD
$
2,794","5422 USD
$
5,422",https://disneycruise.disney.go.com/en-in/cruises-destinations/list/WW0623/3-Night-Bahamian-Cruise-from-Port-Canaveral/2028-01-14-Disney-Wish/WW-INSIDE
3-Night Bahamian Cruise from Port Canaveral,"January 21 - 24, 2028",Friday - Monday,"2098 USD
$
2,098","2272 USD
$
2,272","2560 USD
$
2,560","5032 USD
$
5,032",https://disneycruise.disney.go.com/en-in/cruises-destinations/list/WW0625/3-Night-Bahamian-Cruise-from-Port-Canaveral/2028-01-21-Disney-Wish/WW-INSIDE
3-Night Bahamian Cruise from Port Canaveral,"February 4 - 7, 2028",Friday - Monday,"2110 USD
$
2,110","2284 USD
$
2,284","2512 USD
$
2,512","5032 USD
$
5,032",https://disneycruise.disney.go.com/en-in/cruises-destinations/list/WW0629/3-Night-Bahamian-Cruise-from-Port-Canaveral/2028-02-04-Disney-Wish/WW-INSIDE
3-Night Bahamian Cruise from Port Canaveral,"February 11 - 14, 2028",Friday - Monday,"2254 USD
$
2,254","2398 USD
$
2,398","2686 USD
$
2,686","5452 USD
$
5,452",https://disneycruise.disney.go.com/en-in/cruises-destinations/list/WW0631/3-Night-Bahamian-Cruise-from-Port-Canaveral/2028-02-11-Disney-Wish/WW-INSIDE
3-Night Bahamian Cruise from Port Canaveral,"February 18 - 21, 2028",Friday - Monday,"2290 USD
$
2,290","2434 USD
$
2,434","2722 USD
$
2,722","5452 USD
$
5,452",https://disneycruise.disney.go.com/en-in/cruises-destinations/list/WW0633/3-Night-Bahamian-Cruise-from-Port-Canaveral/2028-02-18-Disney-Wish/WW-INSIDE
3-Night Bahamian Cruise from Port Canaveral,"February 25 - 28, 2028",Friday - Monday,"2176 USD
$
2,176","2380 USD
$
2,380","2668 USD
$
2,668","5362 USD
$
5,362",https://disneycruise.disney.go.com/en-in/cruises-destinations/list/WW0635/3-Night-Bahamian-Cruise-from-Port-Canaveral/2028-02-25-Disney-Wish/WW-INSIDE
3-Night Bahamian Cruise from Port Canaveral,"March 3 - 6, 2028",Friday - Monday,"2434 USD
$
2,434","2608 USD
$
2,608","2896 USD
$
2,896","6352 USD
$
6,352",https://disneycruise.disney.go.com/en-in/cruises-destinations/list/WW0637/3-Night-Bahamian-Cruise-from-Port-Canaveral/2028-03-03-Disney-Wish/WW-INSIDE
3-Night Bahamian Cruise from Port Canaveral,"March 10 - 13, 2028",Friday - Monday,"2638 USD
$
2,638","2812 USD
$
2,812","3100 USD
$
3,100","6532 USD
$
6,532",https://disneycruise.disney.go.com/en-in/cruises-destinations/list/WW0639/3-Night-Bahamian-Cruise-from-Port-Canaveral/2028-03-10-Disney-Wish/WW-INSIDE
3-Night Bahamian Cruise from Port Canaveral,"March 17 - 20, 2028",Friday - Monday,"2644 USD
$
2,644","2818 USD
$
2,818","3106 USD
$
3,106","6712 USD
$
6,712",https://disneycruise.disney.go.com/en-in/cruises-destinations/list/WW0641/3-Night-Bahamian-Cruise-from-Port-Canaveral/2028-03-17-Disney-Wish/WW-INSIDE
3-Night Bahamian Cruise from Port Canaveral,"March 31 - April 3, 2028",Friday - Monday,"2488 USD
$
2,488","2662 USD
$
2,662","2950 USD
$
2,950","6532 USD
$
6,532",https://disneycruise.disney.go.com/en-in/cruises-destinations/list/WW0645/3-Night-Bahamian-Cruise-from-Port-Canaveral/2028-03-31-Disney-Wish/WW-INSIDE
3-Night Bahamian Cruise from Port Canaveral,"April 7 - 10, 2028",Friday - Monday,"2758 USD
$
2,758","2902 USD
$
2,902","3160 USD
$
3,160","5752 USD
$
5,752",https://disneycruise.disney.go.com/en-in/cruises-destinations/list/WW0647/3-Night-Bahamian-Cruise-from-Port-Canaveral/2028-04-07-Disney-Wish/WW-INSIDE
3-Night Bahamian Cruise from Port Canaveral,"April 14 - 17, 2028",Friday - Monday,"3052 USD
$
3,052","3196 USD
$
3,196","3484 USD
$
3,484","6532 USD
$
6,532",https://disneycruise.disney.go.com/en-in/cruises-destinations/list/WW0649/3-Night-Bahamian-Cruise-from-Port-Canaveral/2028-04-14-Disney-Wish/WW-INSIDE
3-Night Bahamian Cruise from Port Canaveral,"April 21 - 24, 2028",Friday - Monday,"2314 USD
$
2,314","2458 USD
$
2,458","2746 USD
$
2,746","5632 USD
$
5,632",https://disneycruise.disney.go.com/en-in/cruises-destinations/list/WW0651/3-Night-Bahamian-Cruise-from-Port-Canaveral/2028-04-21-Disney-Wish/WW-INSIDE
3-Night Bahamian Cruise from Port Canaveral,"April 28 - May 1, 2028",Friday - Monday,"2278 USD
$
2,278","2422 USD
$
2,422","2710 USD
$
2,710","5392 USD
$
5,392",https://disneycruise.disney.go.com/en-in/cruises-destinations/list/WW0653/3-Night-Bahamian-Cruise-from-Port-Canaveral/2028-04-28-Disney-Wish/WW-INSIDE
3-Night Bahamian Cruise from Port Canaveral,"May 5 - 8, 2028",Friday - Monday,"2290 USD
$
2,290","2434 USD
$
2,434","2722 USD
$
2,722","5392 USD
$
5,392",https://disneycruise.disney.go.com/en-in/cruises-destinations/list/WW0655/3-Night-Bahamian-Cruise-from-Port-Canaveral/2028-05-05-Disney-Wish/WW-INSIDE
3-Night Bahamian Cruise from Port Canaveral,"November 13 - 16, 2026",Friday - Monday,N/A,,,,https://disneycruise.disney.go.com/en-in/cruises-destinations/list/WW0655/3-Night-Bahamian-Cruise-from-Port-Canaveral/2028-05-05-Disney-Wish/WW-INSIDE
3-Night Bahamian Cruise from Port Canaveral,"November 20 - 23, 2026",Friday - Monday,,,,,https://disneycruise.disney.go.com/en-in/cruises-destinations/list/WW0530/3-Night-Very-Merrytime-Bahamian-Cruise-from-Port-Canaveral/2026-11-20-Disney-Wish/WW-INSIDE
3-Night Bahamian Cruise from Port Canaveral,"November 27 - 30, 2026",Friday - Monday,,,,,https://disneycruise.disney.go.com/en-in/cruises-destinations/list/WW0532/3-Night-Very-Merrytime-Bahamian-Cruise-from-Port-Canaveral/2026-11-27-Disney-Wish/WW-INSIDE
3-Night Bahamian Cruise from Port Canaveral,"December 4 - 7, 2026",Friday - Monday,,,,,https://disneycruise.disney.go.com/en-in/cruises-destinations/list/WW0534/3-Night-Very-Merrytime-Bahamian-Cruise-from-Port-Canaveral/2026-12-04-Disney-Wish/WW-INSIDE
3-Night Bahamian Cruise from Port Canaveral,"December 11 - 14, 2026",Friday - Monday,,,,,https://disneycruise.disney.go.com/en-in/cruises-destinations/list/WW0536/3-Night-Very-Merrytime-Bahamian-Cruise-from-Port-Canaveral/2026-12-11-Disney-Wish/WW-INSIDE
3-Night Bahamian Cruise from Port Canaveral,"December 18 - 21, 2026",Friday - Monday,,,,,https://disneycruise.disney.go.com/en-in/cruises-destinations/list/WW0538/3-Night-Very-Merrytime-Bahamian-Cruise-from-Port-Canaveral/2026-12-18-Disney-Wish/WW-INSIDE
3-Night Bahamian Cruise from Port Canaveral,"October 9 - 12, 2026",Friday - Monday,N/A,,N/A,N/A,https://disneycruise.disney.go.com/en-in/cruises-destinations/list/WW0538/3-Night-Very-Merrytime-Bahamian-Cruise-from-Port-Canaveral/2026-12-18-Disney-Wish/WW-INSIDE
3-Night Bahamian Cruise from Port Canaveral,"October 16 - 19, 2026",Friday - Monday,N/A,,,N/A,https://disneycruise.disney.go.com/en-in/cruises-destinations/list/WW0538/3-Night-Very-Merrytime-Bahamian-Cruise-from-Port-Canaveral/2026-12-18-Disney-Wish/WW-INSIDE
3-Night Bahamian Cruise from Port Canaveral,"October 23 - 26, 2026",Friday - Monday,N/A,,,,https://disneycruise.disney.go.com/en-in/cruises-destinations/list/WW0538/3-Night-Very-Merrytime-Bahamian-Cruise-from-Port-Canaveral/2026-12-18-Disney-Wish/WW-INSIDE
3-Night Bahamian Cruise from Port Canaveral,"October 30 - November 2, 2026",Friday - Monday,,,,,https://disneycruise.disney.go.com/en-in/cruises-destinations/list/WW0524/3-Night-Halloween-on-the-High-Seas-Bahamian-Cruise-from-Port-Canaveral/2026-10-30-Disney-Wish/WW-INSIDE
3-Night Bahamian Cruise from Port Canaveral,"September 10 - 13, 2027",Friday - Monday,,,,,https://disneycruise.disney.go.com/en-in/cruises-destinations/list/DD1608/3-Night-Halloween-on-the-High-Seas-Bahamian-Cruise-from-Port-Canaveral/2027-09-10-Disney-Dream/DD-INSIDE
3-Night Bahamian Cruise from Port Canaveral,"September 17 - 20, 2027",Friday - Monday,,,,,https://disneycruise.disney.go.com/en-in/cruises-destinations/list/DD1610/3-Night-Halloween-on-the-High-Seas-Bahamian-Cruise-from-Port-Canaveral/2027-09-17-Disney-Dream/DD-INSIDE
4-Night Bahamian Cruise from Port Canaveral,"October 12 - 16, 2026",Monday - Friday,,,,,https://disneycruise.disney.go.com/en-in/cruises-destinations/list/WW0519/4-Night-Halloween-on-the-High-Seas-Bahamian-Cruise-from-Port-Canaveral/2026-10-12-Disney-Wish/WW-INSIDE
4-Night Bahamian Cruise from Port Canaveral,"October 14 - 18, 2026",Wednesday - Sunday,,,,N/A,https://disneycruise.disney.go.com/en-in/cruises-destinations/list/DF0833/4-Night-Halloween-on-the-High-Seas-Bahamian-Cruise-from-Port-Canaveral/2026-10-14-Disney-Fantasy/DF-INSIDE
4-Night Bahamian Cruise from Port Canaveral,"October 26 - 30, 2026",Monday - Friday,,,,,https://disneycruise.disney.go.com/en-in/cruises-destinations/list/WW0523/4-Night-Halloween-on-the-High-Seas-Bahamian-Cruise-from-Port-Canaveral/2026-10-26-Disney-Wish/WW-INSIDE
4-Night Bahamian Cruise from Port Canaveral,"October 28 - November 1, 2026",Wednesday - Sunday,,,,,https://disneycruise.disney.go.com/en-in/cruises-destinations/list/DF0836/4-Night-Halloween-on-the-High-Seas-Bahamian-Cruise-from-Port-Canaveral/2026-10-28-Disney-Fantasy/DF-INSIDE
4-Night Bahamian Cruise from Port Canaveral,"September 13 - 17, 2027",Monday - Friday,,,,,https://disneycruise.disney.go.com/en-in/cruises-destinations/list/DD1609/4-Night-Halloween-on-the-High-Seas-Bahamian-Cruise-from-Port-Canaveral/2027-09-13-Disney-Dream/DD-INSIDE
4-Night Bahamian Cruise from Port Canaveral,"September 15 - 19, 2027",Wednesday - Sunday,,,,,https://disneycruise.disney.go.com/en-in/cruises-destinations/list/DF0908/4-Night-Halloween-on-the-High-Seas-Bahamian-Cruise-from-Port-Canaveral/2027-09-15-Disney-Fantasy/DF-INSIDE
3-Night Bahamian Cruise from Port Canaveral,"December 27 - 30, 2026",Sunday - Wednesday,,,,,https://disneycruise.disney.go.com/en-in/cruises-destinations/list/DF0849/3-Night-Bahamian-Cruise-from-Port-Canaveral/2026-12-27-Disney-Fantasy/DF-INSIDE
3-Night Bahamian Cruise from Port Canaveral,"June 25 - 28, 2027",Friday - Monday,,,,,https://disneycruise.disney.go.com/en-in/cruises-destinations/list/DD1586/3-Night-Bahamian-Cruise-from-Port-Canaveral/2027-06-25-Disney-Dream/DD-INSIDE
3-Night Bahamian Cruise from Port Canaveral,"August 6 - 9, 2027",Friday - Monday,,,,,https://disneycruise.disney.go.com/en-in/cruises-destinations/list/DD1598/3-Night-Bahamian-Cruise-from-Port-Canaveral/2027-08-06-Disney-Dream/DD-INSIDE
3-Night Bahamian Cruise from Port Canaveral,"December 31, 2027 - January 3, 2028",Friday - Monday,,,,,https://disneycruise.disney.go.com/en-in/cruises-destinations/list/WW0619/3-Night-Bahamian-Cruise-from-Port-Canaveral/2027-12-31-Disney-Wish/WW-INSIDE
3-Night Bahamian Cruise from Port Canaveral,"January 28 - 31, 2028",Friday - Monday,,,,,https://disneycruise.disney.go.com/en-in/cruises-destinations/list/WW0627/3-Night-Bahamian-Cruise-from-Port-Canaveral/2028-01-28-Disney-Wish/WW-INSIDE
3-Night Bahamian Cruise from Port Canaveral,"March 24 - 27, 2028",Friday - Monday,,,,,https://disneycruise.disney.go.com/en-in/cruises-destinations/list/WW0643/3-Night-Bahamian-Cruise-from-Port-Canaveral/2028-03-24-Disney-Wish/WW-INSIDE
4-Night Bahamian Cruise from Port Canaveral,"November 2 - 6, 2026",Monday - Friday,,,,,https://disneycruise.disney.go.com/en-in/cruises-destinations/list/WW0525/4-Night-Bahamian-Cruise-from-Port-Canaveral/2026-11-02-Disney-Wish/WW-INSIDE
4-Night Bahamian Cruise from Port Canaveral,"January 11 - 15, 2027",Monday - Friday,,,,,https://disneycruise.disney.go.com/en-in/cruises-destinations/list/WW0545/4-Night-Bahamian-Cruise-from-Port-Canaveral/2027-01-11-Disney-Wish/WW-INSIDE
4-Night Bahamian Cruise from Port Canaveral,"January 25 - 29, 2027",Monday - Friday,,,,,https://disneycruise.disney.go.com/en-in/cruises-destinations/list/WW0549/4-Night-Bahamian-Cruise-from-Port-Canaveral/2027-01-25-Disney-Wish/WW-INSIDE
4-Night Bahamian Cruise from Port Canaveral,"February 8 - 12, 2027",Monday - Friday,,,,,https://disneycruise.disney.go.com/en-in/cruises-destinations/list/WW0553/4-Night-Bahamian-Cruise-from-Port-Canaveral/2027-02-08-Disney-Wish/WW-INSIDE
4-Night Bahamian Cruise from Port Canaveral,"February 22 - 26, 2027",Monday - Friday,,,,,https://disneycruise.disney.go.com/en-in/cruises-destinations/list/WW0557/4-Night-Bahamian-Cruise-from-Port-Canaveral/2027-02-22-Disney-Wish/WW-INSIDE
4-Night Bahamian Cruise from Port Canaveral,"March 8 - 12, 2027",Monday - Friday,,,,,https://disneycruise.disney.go.com/en-in/cruises-destinations/list/WW0561/4-Night-Bahamian-Cruise-from-Port-Canaveral/2027-03-08-Disney-Wish/WW-INSIDE
4-Night Bahamian Cruise from Port Canaveral,"November 9 - 13, 2026",Monday - Friday,,,,,https://disneycruise.disney.go.com/en-in/cruises-destinations/list/WW0527/4-Night-Very-Merrytime-Bahamian-Cruise-from-Port-Canaveral/2026-11-09-Disney-Wish/WW-INSIDE
4-Night Bahamian Cruise from Port Canaveral,"November 11 - 15, 2026",Wednesday - Sunday,,,,N/A,https://disneycruise.disney.go.com/en-in/cruises-destinations/list/DF0839/4-Night-Very-Merrytime-Bahamian-Cruise-from-Port-Canaveral/2026-11-11-Disney-Fantasy/DF-INSIDE
4-Night Bahamian Cruise from Port Canaveral,"November 23 - 27, 2026",Monday - Friday,,,,,https://disneycruise.disney.go.com/en-in/cruises-destinations/list/WW0531/4-Night-Very-Merrytime-Bahamian-Cruise-from-Port-Canaveral/2026-11-23-Disney-Wish/WW-INSIDE
4-Night Bahamian Cruise from Port Canaveral,"November 25 - 29, 2026",Wednesday - Sunday,,,,N/A,https://disneycruise.disney.go.com/en-in/cruises-destinations/list/DF0842/4-Night-Very-Merrytime-Bahamian-Cruise-from-Port-Canaveral/2026-11-25-Disney-Fantasy/DF-INSIDE
4-Night Bahamian Cruise from Port Canaveral,"December 7 - 11, 2026",Monday - Friday,,,,,https://disneycruise.disney.go.com/en-in/cruises-destinations/list/WW0535/4-Night-Very-Merrytime-Bahamian-Cruise-from-Port-Canaveral/2026-12-07-Disney-Wish/WW-INSIDE
4-Night Bahamian Cruise from Port Canaveral,"December 9 - 13, 2026",Wednesday - Sunday,,,,,https://disneycruise.disney.go.com/en-in/cruises-destinations/list/DF0845/4-Night-Very-Merrytime-Bahamian-Cruise-from-Port-Canaveral/2026-12-09-Disney-Fantasy/DF-INSIDE
4-Night Bahamian Cruise from Port Canaveral,"November 16 - 20, 2026",Monday - Friday,,,,,https://disneycruise.disney.go.com/en-in/cruises-destinations/list/WW0529/4-Night-Very-Merrytime-Bahamian-Cruise-from-Port-Canaveral/2026-11-16-Disney-Wish/WW-INSIDE
4-Night Bahamian Cruise from Port Canaveral,"November 30 - December 4, 2026",Monday - Friday,,,,,https://disneycruise.disney.go.com/en-in/cruises-destinations/list/WW0533/4-Night-Very-Merrytime-Bahamian-Cruise-from-Port-Canaveral/2026-11-30-Disney-Wish/WW-INSIDE
4-Night Bahamian Cruise from Port Canaveral,"December 14 - 18, 2026",Monday - Friday,,,,,https://disneycruise.disney.go.com/en-in/cruises-destinations/list/WW0537/4-Night-Very-Merrytime-Bahamian-Cruise-from-Port-Canaveral/2026-12-14-Disney-Wish/WW-INSIDE
4-Night Bahamian Cruise from Port Canaveral,"December 13 - 17, 2027",Monday - Friday,,,,,https://disneycruise.disney.go.com/en-in/cruises-destinations/list/WW0614/4-Night-Very-Merrytime-Bahamian-Cruise-from-Port-Canaveral/2027-12-13-Disney-Wish/WW-INSIDE
4-Night Bahamian Cruise from Port Canaveral,"January 6 - 10, 2027",Wednesday - Sunday,,,,,https://disneycruise.disney.go.com/en-in/cruises-destinations/list/DF0852/4-Night-Bahamian-Cruise-from-Port-Canaveral/2027-01-06-Disney-Fantasy/DF-INSIDE
4-Night Bahamian Cruise from Port Canaveral,"January 20 - 24, 2027",Wednesday - Sunday,,,,,https://disneycruise.disney.go.com/en-in/cruises-destinations/list/DF0855/4-Night-Bahamian-Cruise-from-Port-Canaveral/2027-01-20-Disney-Fantasy/DF-INSIDE
4-Night Bahamian Cruise from Port Canaveral,"February 3 - 7, 2027",Wednesday - Sunday,,,,,https://disneycruise.disney.go.com/en-in/cruises-destinations/list/DF0858/4-Night-Bahamian-Cruise-from-Port-Canaveral/2027-02-03-Disney-Fantasy/DF-INSIDE
4-Night Bahamian Cruise from Port Canaveral,"May 12 - 16, 2027",Wednesday - Sunday,,,,,https://disneycruise.disney.go.com/en-in/cruises-destinations/list/DF0879/4-Night-Bahamian-Cruise-from-Port-Canaveral/2027-05-12-Disney-Fantasy/DF-INSIDE
4-Night Bahamian Cruise from Port Canaveral,"May 26 - 30, 2027",Wednesday - Sunday,,,,,https://disneycruise.disney.go.com/en-in/cruises-destinations/list/DF0882/4-Night-Bahamian-Cruise-from-Port-Canaveral/2027-05-26-Disney-Fantasy/DF-INSIDE
4-Night Bahamian Cruise from Port Canaveral,"June 9 - 13, 2027",Wednesday - Sunday,,,,,https://disneycruise.disney.go.com/en-in/cruises-destinations/list/DF0888/4-Night-Bahamian-Cruise-from-Port-Canaveral/2027-06-09-Disney-Fantasy/DF-INSIDE
4-Night Bahamian Cruise from Port Canaveral,"October 19 - 23, 2026",Monday - Friday,,,,,https://disneycruise.disney.go.com/en-in/cruises-destinations/list/WW0521/4-Night-Halloween-on-the-High-Seas-Bahamian-Cruise-from-Port-Canaveral/2026-10-19-Disney-Wish/WW-INSIDE
4-Night Bahamian Cruise from Port Canaveral,"September 6 - 10, 2027",Monday - Friday,,,,,https://disneycruise.disney.go.com/en-in/cruises-destinations/list/DD1607/4-Night-Halloween-on-the-High-Seas-Bahamian-Cruise-from-Port-Canaveral/2027-09-06-Disney-Dream/DD-INSIDE
3-Night Bahamian Cruise from Port Canaveral,"December 21 - 24, 2026",Monday - Thursday,,,,,https://disneycruise.disney.go.com/en-in/cruises-destinations/list/WW0539/3-Night-Very-Merrytime-Bahamian-Cruise-from-Port-Canaveral/2026-12-21-Disney-Wish/WW-INSIDE
3-Night Bahamian Cruise from Port Canaveral,"November 30 - December 3, 2027",Tuesday - Friday,,,,,https://disneycruise.disney.go.com/en-in/cruises-destinations/list/WD0159/3-Night-Very-Merrytime-Bahamian-Cruise-from-Port-Canaveral/2027-11-30-Disney-Destiny/WD-INSIDE
3-Night Bahamian Cruise from Port Canaveral,"December 24 - 27, 2027",Friday - Monday,,,,,https://disneycruise.disney.go.com/en-in/cruises-destinations/list/WW0617/3-Night-Very-Merrytime-Bahamian-Cruise-from-Port-Canaveral/2027-12-24-Disney-Wish/WW-INSIDE
5-Night Bahamian Cruise from Port Canaveral,"November 1 - 6, 2026",Sunday - Friday,,,,,https://disneycruise.disney.go.com/en-in/cruises-destinations/list/DF0837/5-Night-Bahamian-Cruise-from-Port-Canaveral/2026-11-01-Disney-Fantasy/DF-INSIDE
5-Night Bahamian Cruise from Port Canaveral,"November 6 - 11, 2026",Friday - Wednesday,,,,,https://disneycruise.disney.go.com/en-in/cruises-destinations/list/DF0838/5-Night-Bahamian-Cruise-from-Port-Canaveral/2026-11-06-Disney-Fantasy/DF-INSIDE
5-Night Bahamian Cruise from Port Canaveral,"January 10 - 15, 2027",Sunday - Friday,,,,,https://disneycruise.disney.go.com/en-in/cruises-destinations/list/DF0853/5-Night-Bahamian-Cruise-from-Port-Canaveral/2027-01-10-Disney-Fantasy/DF-INSIDE
5-Night Bahamian Cruise from Port Canaveral,"February 26 - March 3, 2027",Friday - Wednesday,,,,,https://disneycruise.disney.go.com/en-in/cruises-destinations/list/DF0863/5-Night-Bahamian-Cruise-from-Port-Canaveral/2027-02-26-Disney-Fantasy/DF-INSIDE
5-Night Bahamian Cruise from Port Canaveral,"March 7 - 12, 2027",Sunday - Friday,,,,,https://disneycruise.disney.go.com/en-in/cruises-destinations/list/DF0865/5-Night-Bahamian-Cruise-from-Port-Canaveral/2027-03-07-Disney-Fantasy/DF-INSIDE
5-Night Bahamian Cruise from Port Canaveral,"March 12 - 17, 2027",Friday - Wednesday,,,,,https://disneycruise.disney.go.com/en-in/cruises-destinations/list/DF0866/5-Night-Bahamian-Cruise-from-Port-Canaveral/2027-03-12-Disney-Fantasy/DF-INSIDE
5-Night Bahamian Cruise from Port Canaveral,"October 18 - 23, 2026",Sunday - Friday,,,,,https://disneycruise.disney.go.com/en-in/cruises-destinations/list/DF0834/5-Night-Halloween-on-the-High-Seas-Bahamian-Cruise-from-Port-Canaveral/2026-10-18-Disney-Fantasy/DF-INSIDE
5-Night Bahamian Cruise from Port Canaveral,"October 23 - 28, 2026",Friday - Wednesday,,,,,https://disneycruise.disney.go.com/en-in/cruises-destinations/list/DF0835/5-Night-Halloween-on-the-High-Seas-Bahamian-Cruise-from-Port-Canaveral/2026-10-23-Disney-Fantasy/DF-INSIDE
5-Night Bahamian Cruise from Port Canaveral,"September 19 - 24, 2027",Sunday - Friday,,,,,https://disneycruise.disney.go.com/en-in/cruises-destinations/list/DF0909/5-Night-Halloween-on-the-High-Seas-Bahamian-Cruise-from-Port-Canaveral/2027-09-19-Disney-Fantasy/DF-INSIDE
5-Night Bahamian Cruise from Port Canaveral,"September 24 - 29, 2027",Friday - Wednesday,,,,,https://disneycruise.disney.go.com/en-in/cruises-destinations/list/DF0910/5-Night-Halloween-on-the-High-Seas-Bahamian-Cruise-from-Port-Canaveral/2027-09-24-Disney-Fantasy/DF-INSIDE
5-Night Bahamian Cruise from Port Canaveral,"October 3 - 8, 2027",Sunday - Friday,,,,,https://disneycruise.disney.go.com/en-in/cruises-destinations/list/DF0912/5-Night-Halloween-on-the-High-Seas-Bahamian-Cruise-from-Port-Canaveral/2027-10-03-Disney-Fantasy/DF-INSIDE
5-Night Bahamian Cruise from Port Canaveral,"October 8 - 13, 2027",Friday - Wednesday,,,,,https://disneycruise.disney.go.com/en-in/cruises-destinations/list/DF0913/5-Night-Halloween-on-the-High-Seas-Bahamian-Cruise-from-Port-Canaveral/2027-10-08-Disney-Fantasy/DF-INSIDE
4-Night Bahamian Cruise from Port Canaveral,"December 30, 2026 - January 3, 2027",Wednesday - Sunday,,,,,https://disneycruise.disney.go.com/en-in/cruises-destinations/list/DF0850/4-Night-Bahamian-Cruise-from-Port-Canaveral/2026-12-30-Disney-Fantasy/DF-INSIDE
4-Night Bahamian Cruise from Port Canaveral,"December 31, 2026 - January 4, 2027",Thursday - Monday,,,,,https://disneycruise.disney.go.com/en-in/cruises-destinations/list/WW0542/4-Night-Bahamian-Cruise-from-Port-Canaveral/2026-12-31-Disney-Wish/WW-INSIDE
4-Night Bahamian Cruise from Port Canaveral,"January 4 - 8, 2027",Monday - Friday,,,,,https://disneycruise.disney.go.com/en-in/cruises-destinations/list/WW0543/4-Night-Bahamian-Cruise-from-Port-Canaveral/2027-01-04-Disney-Wish/WW-INSIDE
4-Night Bahamian Cruise from Port Canaveral,"January 18 - 22, 2027",Monday - Friday,,,,,https://disneycruise.disney.go.com/en-in/cruises-destinations/list/WW0547/4-Night-Bahamian-Cruise-from-Port-Canaveral/2027-01-18-Disney-Wish/WW-INSIDE
4-Night Bahamian Cruise from Port Canaveral,"February 1 - 5, 2027",Monday - Friday,,,,,https://disneycruise.disney.go.com/en-in/cruises-destinations/list/WW0551/4-Night-Bahamian-Cruise-from-Port-Canaveral/2027-02-01-Disney-Wish/WW-INSIDE
4-Night Bahamian Cruise from Port Canaveral,"February 15 - 19, 2027",Monday - Friday,,,,,https://disneycruise.disney.go.com/en-in/cruises-destinations/list/WW0555/4-Night-Bahamian-Cruise-from-Port-Canaveral/2027-02-15-Disney-Wish/WW-INSIDE
5-Night Western Caribbean Cruise from Port Canaveral,"November 20 - 25, 2026",Friday - Wednesday,,,,,https://disneycruise.disney.go.com/en-in/cruises-destinations/list/DF0841/5-Night-Very-Merrytime-Western-Caribbean-Cruise-from-Port-Canaveral/2026-11-20-Disney-Fantasy/DF-INSIDE
5-Night Western Caribbean Cruise from Port Canaveral,"December 4 - 9, 2026",Friday - Wednesday,,"2774 USD
$
2,774","2984 USD
$
2,984","8354 USD
$
8,354",https://disneycruise.disney.go.com/en-in/cruises-destinations/list/DF0844/5-Night-Very-Merrytime-Western-Caribbean-Cruise-from-Port-Canaveral/2026-12-04-Disney-Fantasy/DF-INSIDE
5-Night Western Caribbean Cruise from Port Canaveral,"December 18 - 23, 2026",Friday - Wednesday,"4574 USD
$
4,574","4814 USD
$
4,814","5144 USD
$
5,144","14084 USD
$
14,084",https://disneycruise.disney.go.com/en-in/cruises-destinations/list/DF0847/5-Night-Very-Merrytime-Western-Caribbean-Cruise-from-Port-Canaveral/2026-12-18-Disney-Fantasy/DF-INSIDE
5-Night Western Caribbean Cruise from Port Canaveral,"November 19 - 24, 2027",Friday - Wednesday,"4135 USD
$
4,135","4305 USD
$
4,305","4585 USD
$
4,585","10095 USD
$
10,095",https://disneycruise.disney.go.com/en-in/cruises-destinations/list/DF0922/5-Night-Very-Merrytime-Western-Caribbean-Cruise-from-Port-Canaveral/2027-11-19-Disney-Fantasy/DF-INSIDE
5-Night Western Caribbean Cruise from Port Canaveral,"December 3 - 8, 2027",Friday - Wednesday,"3527 USD
$
3,527","3937 USD
$
3,937","4367 USD
$
4,367","8927 USD
$
8,927",https://disneycruise.disney.go.com/en-in/cruises-destinations/list/WD0160/5-Night-Very-Merrytime-Western-Caribbean-Cruise-from-Port-Canaveral/2027-12-03-Disney-Destiny/WD-INSIDE
5-Night Western Caribbean Cruise from Port Canaveral,"December 17 - 22, 2027",Friday - Wednesday,"4687 USD
$
4,687","5037 USD
$
5,037","5387 USD
$
5,387","12157 USD
$
12,157",https://disneycruise.disney.go.com/en-in/cruises-destinations/list/WD0163/5-Night-Very-Merrytime-Western-Caribbean-Cruise-from-Port-Canaveral/2027-12-17-Disney-Destiny/WD-INSIDE
5-Night Bahamian Cruise from Port Canaveral,"November 15 - 20, 2026",Sunday - Friday,"2720 USD
$
2,720","2810 USD
$
2,810","3050 USD
$
3,050","8620 USD
$
8,620",https://disneycruise.disney.go.com/en-in/cruises-destinations/list/DF0840/5-Night-Very-Merrytime-Bahamian-Cruise-from-Port-Canaveral/2026-11-15-Disney-Fantasy/DF-INSIDE
5-Night Bahamian Cruise from Port Canaveral,"November 29 - December 4, 2026",Sunday - Friday,"2770 USD
$
2,770","2850 USD
$
2,850","3080 USD
$
3,080","8920 USD
$
8,920",https://disneycruise.disney.go.com/en-in/cruises-destinations/list/DF0843/5-Night-Very-Merrytime-Bahamian-Cruise-from-Port-Canaveral/2026-11-29-Disney-Fantasy/DF-INSIDE
5-Night Bahamian Cruise from Port Canaveral,"December 13 - 18, 2026",Sunday - Friday,"2690 USD
$
2,690","2790 USD
$
2,790","3030 USD
$
3,030","8390 USD
$
8,390",https://disneycruise.disney.go.com/en-in/cruises-destinations/list/DF0846/5-Night-Very-Merrytime-Bahamian-Cruise-from-Port-Canaveral/2026-12-13-Disney-Fantasy/DF-INSIDE
5-Night Bahamian Cruise from Port Canaveral,"December 12 - 17, 2027",Sunday - Friday,"3851 USD
$
3,851","4141 USD
$
4,141","4431 USD
$
4,431","10011 USD
$
10,011",https://disneycruise.disney.go.com/en-in/cruises-destinations/list/WD0162/5-Night-Very-Merrytime-Bahamian-Cruise-from-Port-Canaveral/2027-12-12-Disney-Destiny/WD-INSIDE
5-Night Eastern Caribbean Cruise from Port Canaveral ending San Juan,"November 28 - December 3, 2027",Sunday - Friday,"2704 USD
$
2,704","2874 USD
$
2,874","3174 USD
$
3,174","6634 USD
$
6,634",https://disneycruise.disney.go.com/en-in/cruises-destinations/list/DF0924/5-Night-Very-Merrytime-Eastern-Caribbean-Cruise-from-Port-Canaveral-ending-San-Juan/2027-11-28-Disney-Fantasy/DF-INSIDE
5-Night Western Caribbean Cruise from Port Canaveral,"June 18 - 23, 2027",Friday - Wednesday,"4388 USD
$
4,388","4678 USD
$
4,678","4978 USD
$
4,978","9768 USD
$
9,768",https://disneycruise.disney.go.com/en-in/cruises-destinations/list/DF0890/5-Night-Western-Caribbean-Cruise-from-Port-Canaveral/2027-06-18-Disney-Fantasy/DF-INSIDE
5-Night Western Caribbean Cruise from Port Canaveral,"July 30 - August 4, 2027",Friday - Wednesday,"4260 USD
$
4,260","4530 USD
$
4,530","4820 USD
$
4,820","9530 USD
$
9,530",https://disneycruise.disney.go.com/en-in/cruises-destinations/list/DF0898/5-Night-Western-Caribbean-Cruise-from-Port-Canaveral/2027-07-30-Disney-Fantasy/DF-INSIDE
5-Night Western Caribbean Cruise from Port Canaveral,"August 27 - September 1, 2027",Friday - Wednesday,"2830 USD
$
2,830","3020 USD
$
3,020","3350 USD
$
3,350","6960 USD
$
6,960",https://disneycruise.disney.go.com/en-in/cruises-destinations/list/DF0904/5-Night-Western-Caribbean-Cruise-from-Port-Canaveral/2027-08-27-Disney-Fantasy/DF-INSIDE
5-Night Western Caribbean Cruise from Port Canaveral,"September 10 - 15, 2027",Friday - Wednesday,"2845 USD
$
2,845","3015 USD
$
3,015","3335 USD
$
3,335","7835 USD
$
7,835",https://disneycruise.disney.go.com/en-in/cruises-destinations/list/DF0907/5-Night-Western-Caribbean-Cruise-from-Port-Canaveral/2027-09-10-Disney-Fantasy/DF-INSIDE
5-Night Western Caribbean Cruise from Port Canaveral,"November 5 - 10, 2027",Friday - Wednesday,"3235 USD
$
3,235","3335 USD
$
3,335","3635 USD
$
3,635","7375 USD
$
7,375",https://disneycruise.disney.go.com/en-in/cruises-destinations/list/DF0919/5-Night-Western-Caribbean-Cruise-from-Port-Canaveral/2027-11-05-Disney-Fantasy/DF-INSIDE
5-Night Western Caribbean from Port Canaveral,"January 29 - February 3, 2027",Friday - Wednesday,"2999 USD
$
2,999","3179 USD
$
3,179","3499 USD
$
3,499","6869 USD
$
6,869",https://disneycruise.disney.go.com/en-in/cruises-destinations/list/DF0857/5-Night-Western-Caribbean-from-Port-Canaveral-with-Pixar-Days-at-Sea/2027-01-29-Disney-Fantasy/DF-INSIDE
4-Night Bahamian Cruise from Port Canaveral,"November 29 - December 3, 2027",Monday - Friday,"3126 USD
$
3,126","3318 USD
$
3,318","3622 USD
$
3,622","7830 USD
$
7,830",https://disneycruise.disney.go.com/en-in/cruises-destinations/list/WW0610/4-Night-Very-Merrytime-Bahamian-Cruise-from-Port-Canaveral/2027-11-29-Disney-Wish/WW-INSIDE
5-Night Western Caribbean Cruise from Port Canaveral,"October 9 - 14, 2026",Friday - Wednesday,"3144 USD
$
3,144",N/A,N/A,"7004 USD
$
7,004",https://disneycruise.disney.go.com/en-in/cruises-destinations/list/DF0832/5-Night-Halloween-on-the-High-Seas-Western-Caribbean-Cruise-from-Port-Canaveral/2026-10-09-Disney-Fantasy/DF-INSIDE
5-Night Bahamian Cruise from Port Canaveral,"January 24 - 29, 2027",Sunday - Friday,"3211 USD
$
3,211","3431 USD
$
3,431","3741 USD
$
3,741","7111 USD
$
7,111",https://disneycruise.disney.go.com/en-in/cruises-destinations/list/DF0856/5-Night-Bahamian-Cruise-from-Port-Canaveral-with-Pixar-Days-at-Sea/2027-01-24-Disney-Fantasy/DF-INSIDE
5-Night Bahamian Cruise from Port Canaveral,"February 7 - 12, 2027",Sunday - Friday,"3527 USD
$
3,527","3807 USD
$
3,807","4297 USD
$
4,297","8027 USD
$
8,027",https://disneycruise.disney.go.com/en-in/cruises-destinations/list/DF0859/5-Night-Bahamian-Cruise-from-Port-Canaveral-with-Pixar-Days-at-Sea/2027-02-07-Disney-Fantasy/DF-INSIDE
5-Night Bahamian Cruise from Port Canaveral,"February 12 - 17, 2027",Friday - Wednesday,"3927 USD
$
3,927","4177 USD
$
4,177","4547 USD
$
4,547","32607 USD
$
32,607",https://disneycruise.disney.go.com/en-in/cruises-destinations/list/DF0860/5-Night-Bahamian-Cruise-from-Port-Canaveral-with-Pixar-Days-at-Sea/2027-02-12-Disney-Fantasy/DF-INSIDE
5-Night Bahamian Cruise from Port Canaveral,"February 21 - 26, 2027",Sunday - Friday,"3327 USD
$
3,327","3527 USD
$
3,527","3847 USD
$
3,847","7747 USD
$
7,747",https://disneycruise.disney.go.com/en-in/cruises-destinations/list/DF0862/5-Night-Bahamian-Cruise-from-Port-Canaveral-with-Pixar-Days-at-Sea/2027-02-21-Disney-Fantasy/DF-INSIDE
5-Night Bahamian Cruise from Port Canaveral,"April 4 - 9, 2027",Sunday - Friday,"4207 USD
$
4,207","4507 USD
$
4,507","5067 USD
$
5,067",N/A,https://disneycruise.disney.go.com/en-in/cruises-destinations/list/DF0871/5-Night-Bahamian-Cruise-from-Port-Canaveral-with-Pixar-Days-at-Sea/2027-04-04-Disney-Fantasy/DF-INSIDE
5-Night Bahamian Cruise from Port Canaveral,"April 9 - 14, 2027",Friday - Wednesday,"3387 USD
$
3,387","3597 USD
$
3,597","3937 USD
$
3,937","8017 USD
$
8,017",https://disneycruise.disney.go.com/en-in/cruises-destinations/list/DF0872/5-Night-Bahamian-Cruise-from-Port-Canaveral-with-Pixar-Days-at-Sea/2027-04-09-Disney-Fantasy/DF-INSIDE
5-Night Bahamian Cruise from Port Canaveral,"April 18 - 23, 2027",Sunday - Friday,"3477 USD
$
3,477","3677 USD
$
3,677","4037 USD
$
4,037",N/A,https://disneycruise.disney.go.com/en-in/cruises-destinations/list/DF0874/5-Night-Bahamian-Cruise-from-Port-Canaveral-with-Pixar-Days-at-Sea/2027-04-18-Disney-Fantasy/DF-INSIDE
5-Night Bahamian Cruise from Port Canaveral,"April 23 - 28, 2027",Friday - Wednesday,"3417 USD
$
3,417","3637 USD
$
3,637","4017 USD
$
4,017","7937 USD
$
7,937",https://disneycruise.disney.go.com/en-in/cruises-destinations/list/DF0875/5-Night-Bahamian-Cruise-from-Port-Canaveral-with-Pixar-Days-at-Sea/2027-04-23-Disney-Fantasy/DF-INSIDE
7-Night Western Caribbean Cruise from Port Canaveral,"October 17 - 24, 2026",Saturday - Saturday,"3566 USD
$
3,566","3860 USD
$
3,860","4392 USD
$
4,392","12274 USD
$
12,274",https://disneycruise.disney.go.com/en-in/cruises-destinations/list/WT0096/7-Night-Halloween-on-the-High-Seas-Western-Caribbean-Cruise-from-Port-Canaveral/2026-10-17-Disney-Treasure/WT-INSIDE
7-Night Western Caribbean Cruise from Port Canaveral,"October 31 - November 7, 2026",Saturday - Saturday,"3440 USD
$
3,440","3720 USD
$
3,720","4252 USD
$
4,252","11980 USD
$
11,980",https://disneycruise.disney.go.com/en-in/cruises-destinations/list/WT0098/7-Night-Halloween-on-the-High-Seas-Western-Caribbean-Cruise-from-Port-Canaveral/2026-10-31-Disney-Treasure/WT-INSIDE
7-Night Western Caribbean Cruise from Port Canaveral,"September 18 - 25, 2027",Saturday - Saturday,"4195 USD
$
4,195","4643 USD
$
4,643","5189 USD
$
5,189","11083 USD
$
11,083",https://disneycruise.disney.go.com/en-in/cruises-destinations/list/WT0144/7-Night-Halloween-on-the-High-Seas-Western-Caribbean-Cruise-from-Port-Canaveral/2027-09-18-Disney-Treasure/WT-INSIDE
7-Night Western Caribbean Cruise from Port Canaveral,"October 2 - 9, 2027",Saturday - Saturday,"4505 USD
$
4,505","4883 USD
$
4,883","5583 USD
$
5,583","11407 USD
$
11,407",https://disneycruise.disney.go.com/en-in/cruises-destinations/list/WT0146/7-Night-Halloween-on-the-High-Seas-Western-Caribbean-Cruise-from-Port-Canaveral/2027-10-02-Disney-Treasure/WT-INSIDE
7-Night Western Caribbean Cruise from Port Canaveral,"October 16 - 23, 2027",Saturday - Saturday,"4351 USD
$
4,351","4715 USD
$
4,715","5401 USD
$
5,401","11169 USD
$
11,169",https://disneycruise.disney.go.com/en-in/cruises-destinations/list/WT0148/7-Night-Halloween-on-the-High-Seas-Western-Caribbean-Cruise-from-Port-Canaveral/2027-10-16-Disney-Treasure/WT-INSIDE
7-Night Western Caribbean Cruise from Port Canaveral,"October 30 - November 6, 2027",Saturday - Saturday,"4351 USD
$
4,351","4715 USD
$
4,715","5401 USD
$
5,401","11169 USD
$
11,169",https://disneycruise.disney.go.com/en-in/cruises-destinations/list/WT0150/7-Night-Halloween-on-the-High-Seas-Western-Caribbean-Cruise-from-Port-Canaveral/2027-10-30-Disney-Treasure/WT-INSIDE
7-Night Western Caribbean Cruise from Port Canaveral,"December 26, 2026 - January 2, 2027",Saturday - Saturday,"7444 USD
$
7,444",N/A,"8704 USD
$
8,704","26764 USD
$
26,764",https://disneycruise.disney.go.com/en-in/cruises-destinations/list/WT0106/7-Night-Western-Caribbean-Cruise-from-Port-Canaveral/2026-12-26-Disney-Treasure/WT-INSIDE
7-Night Western Caribbean Cruise from Port Canaveral,"January 9 - 16, 2027",Saturday - Saturday,"3542 USD
$
3,542","3836 USD
$
3,836","4354 USD
$
4,354","12334 USD
$
12,334",https://disneycruise.disney.go.com/en-in/cruises-destinations/list/WT0108/7-Night-Western-Caribbean-Cruise-from-Port-Canaveral/2027-01-09-Disney-Treasure/WT-INSIDE
7-Night Western Caribbean Cruise from Port Canaveral,"January 23 - 30, 2027",Saturday - Saturday,"4494 USD
$
4,494","4872 USD
$
4,872","4536 USD
$
4,536","12334 USD
$
12,334",https://disneycruise.disney.go.com/en-in/cruises-destinations/list/WT0110/7-Night-Western-Caribbean-Cruise-from-Port-Canaveral/2027-01-23-Disney-Treasure/WT-INSIDE
7-Night Western Caribbean Cruise from Port Canaveral,"February 6 - 13, 2027",Saturday - Saturday,"4704 USD
$
4,704","5110 USD
$
5,110","5838 USD
$
5,838","12586 USD
$
12,586",https://disneycruise.disney.go.com/en-in/cruises-destinations/list/WT0112/7-Night-Western-Caribbean-Cruise-from-Port-Canaveral/2027-02-06-Disney-Treasure/WT-INSIDE
7-Night Western Caribbean Cruise from Port Canaveral,"February 20 - 27, 2027",Saturday - Saturday,"4732 USD
$
4,732","5082 USD
$
5,082","5796 USD
$
5,796","12488 USD
$
12,488",https://disneycruise.disney.go.com/en-in/cruises-destinations/list/WT0114/7-Night-Western-Caribbean-Cruise-from-Port-Canaveral/2027-02-20-Disney-Treasure/WT-INSIDE
7-Night Western Caribbean Cruise from Port Canaveral,"March 6 - 13, 2027",Saturday - Saturday,"4046 USD
$
4,046","4410 USD
$
4,410","5040 USD
$
5,040","16310 USD
$
16,310",https://disneycruise.disney.go.com/en-in/cruises-destinations/list/WT0116/7-Night-Western-Caribbean-Cruise-from-Port-Canaveral/2027-03-06-Disney-Treasure/WT-INSIDE
7-Night Western Caribbean Cruise from Port Canaveral,"March 20 - 27, 2027",Saturday - Saturday,"6468 USD
$
6,468","7042 USD
$
7,042","8092 USD
$
8,092","19152 USD
$
19,152",https://disneycruise.disney.go.com/en-in/cruises-destinations/list/WT0118/7-Night-Western-Caribbean-Cruise-from-Port-Canaveral/2027-03-20-Disney-Treasure/WT-INSIDE
7-Night Western Caribbean Cruise from Port Canaveral,"April 3 - 10, 2027",Saturday - Saturday,"5166 USD
$
5,166","5712 USD
$
5,712","6482 USD
$
6,482","13608 USD
$
13,608",https://disneycruise.disney.go.com/en-in/cruises-destinations/list/WT0120/7-Night-Western-Caribbean-Cruise-from-Port-Canaveral/2027-04-03-Disney-Treasure/WT-INSIDE
7-Night Western Caribbean Cruise from Port Canaveral,"April 17 - 24, 2027",Saturday - Saturday,"4802 USD
$
4,802","5236 USD
$
5,236","5992 USD
$
5,992","13090 USD
$
13,090",https://disneycruise.disney.go.com/en-in/cruises-destinations/list/WT0122/7-Night-Western-Caribbean-Cruise-from-Port-Canaveral/2027-04-17-Disney-Treasure/WT-INSIDE
7-Night Western Caribbean Cruise from Port Canaveral,"May 1 - 8, 2027",Saturday - Saturday,"4760 USD
$
4,760","5166 USD
$
5,166","5908 USD
$
5,908","12950 USD
$
12,950",https://disneycruise.disney.go.com/en-in/cruises-destinations/list/WT0124/7-Night-Western-Caribbean-Cruise-from-Port-Canaveral/2027-05-01-Disney-Treasure/WT-INSIDE
7-Night Western Caribbean Cruise from Port Canaveral,"May 15 - 22, 2027",Saturday - Saturday,"4844 USD
$
4,844","5264 USD
$
5,264","6020 USD
$
6,020","13328 USD
$
13,328",https://disneycruise.disney.go.com/en-in/cruises-destinations/list/WT0126/7-Night-Western-Caribbean-Cruise-from-Port-Canaveral/2027-05-15-Disney-Treasure/WT-INSIDE
7-Night Western Caribbean Cruise from Port Canaveral,"May 29 - June 5, 2027",Saturday - Saturday,"6104 USD
$
6,104","6608 USD
$
6,608","7574 USD
$
7,574","16772 USD
$
16,772",https://disneycruise.disney.go.com/en-in/cruises-destinations/list/WT0128/7-Night-Western-Caribbean-Cruise-from-Port-Canaveral/2027-05-29-Disney-Treasure/WT-INSIDE
7-Night Western Caribbean Cruise from Port Canaveral,"June 12 - 19, 2027",Saturday - Saturday,"5919 USD
$
5,919","6493 USD
$
6,493","7347 USD
$
7,347","15957 USD
$
15,957",https://disneycruise.disney.go.com/en-in/cruises-destinations/list/WT0130/7-Night-Western-Caribbean-Cruise-from-Port-Canaveral/2027-06-12-Disney-Treasure/WT-INSIDE
7-Night Western Caribbean Cruise from Port Canaveral,"June 26 - July 3, 2027",Saturday - Saturday,"5947 USD
$
5,947","6521 USD
$
6,521","7375 USD
$
7,375","16237 USD
$
16,237",https://disneycruise.disney.go.com/en-in/cruises-destinations/list/WT0132/7-Night-Western-Caribbean-Cruise-from-Port-Canaveral/2027-06-26-Disney-Treasure/WT-INSIDE
7-Night Western Caribbean Cruise from Port Canaveral,"July 10 - 17, 2027",Saturday - Saturday,"5415 USD
$
5,415","5933 USD
$
5,933","6759 USD
$
6,759","14627 USD
$
14,627",https://disneycruise.disney.go.com/en-in/cruises-destinations/list/WT0134/7-Night-Western-Caribbean-Cruise-from-Port-Canaveral/2027-07-10-Disney-Treasure/WT-INSIDE
7-Night Western Caribbean Cruise from Port Canaveral,"July 24 - 31, 2027",Saturday - Saturday,"5359 USD
$
5,359","5863 USD
$
5,863","6633 USD
$
6,633","14305 USD
$
14,305",https://disneycruise.disney.go.com/en-in/cruises-destinations/list/WT0136/7-Night-Western-Caribbean-Cruise-from-Port-Canaveral/2027-07-24-Disney-Treasure/WT-INSIDE
7-Night Western Caribbean Cruise from Port Canaveral,"August 7 - 14, 2027",Saturday - Saturday,"4797 USD
$
4,797","5259 USD
$
5,259","5959 USD
$
5,959","12791 USD
$
12,791",https://disneycruise.disney.go.com/en-in/cruises-destinations/list/WT0138/7-Night-Western-Caribbean-Cruise-from-Port-Canaveral/2027-08-07-Disney-Treasure/WT-INSIDE
7-Night Western Caribbean Cruise from Port Canaveral,"August 21 - 28, 2027",Saturday - Saturday,"4265 USD
$
4,265","4671 USD
$
4,671","5287 USD
$
5,287","11293 USD
$
11,293",https://disneycruise.disney.go.com/en-in/cruises-destinations/list/WT0140/7-Night-Western-Caribbean-Cruise-from-Port-Canaveral/2027-08-21-Disney-Treasure/WT-INSIDE
7-Night Western Caribbean Cruise from Port Canaveral,"September 4 - 11, 2027",Saturday - Saturday,"4237 USD
$
4,237","4615 USD
$
4,615","5217 USD
$
5,217","11671 USD
$
11,671",https://disneycruise.disney.go.com/en-in/cruises-destinations/list/WT0142/7-Night-Western-Caribbean-Cruise-from-Port-Canaveral/2027-09-04-Disney-Treasure/WT-INSIDE
7-Night Western Caribbean Cruise from Port Canaveral,"January 22 - 29, 2028",Saturday - Saturday,"4715 USD
$
4,715","5121 USD
$
5,121","5723 USD
$
5,723","12709 USD
$
12,709",https://disneycruise.disney.go.com/en-in/cruises-destinations/list/WT0162/7-Night-Western-Caribbean-Cruise-from-Port-Canaveral/2028-01-22-Disney-Treasure/WT-INSIDE
7-Night Western Caribbean Cruise from Port Canaveral,"February 5 - 12, 2028",Saturday - Saturday,"4701 USD
$
4,701","5107 USD
$
5,107","5821 USD
$
5,821","12499 USD
$
12,499",https://disneycruise.disney.go.com/en-in/cruises-destinations/list/WT0164/7-Night-Western-Caribbean-Cruise-from-Port-Canaveral/2028-02-05-Disney-Treasure/WT-INSIDE
7-Night Western Caribbean Cruise from Port Canaveral,"February 19 - 26, 2028",Saturday - Saturday,"5681 USD
$
5,681","6185 USD
$
6,185","7221 USD
$
7,221","15929 USD
$
15,929",https://disneycruise.disney.go.com/en-in/cruises-destinations/list/WT0166/7-Night-Western-Caribbean-Cruise-from-Port-Canaveral/2028-02-19-Disney-Treasure/WT-INSIDE
7-Night Western Caribbean Cruise from Port Canaveral,"March 4 - 11, 2028",Saturday - Saturday,"5443 USD
$
5,443","5891 USD
$
5,891","6731 USD
$
6,731","15229 USD
$
15,229",https://disneycruise.disney.go.com/en-in/cruises-destinations/list/WT0168/7-Night-Western-Caribbean-Cruise-from-Port-Canaveral/2028-03-04-Disney-Treasure/WT-INSIDE
7-Night Western Caribbean Cruise from Port Canaveral,"March 18 - 25, 2028",Saturday - Saturday,"5583 USD
$
5,583","6073 USD
$
6,073","7053 USD
$
7,053","16153 USD
$
16,153",https://disneycruise.disney.go.com/en-in/cruises-destinations/list/WT0170/7-Night-Western-Caribbean-Cruise-from-Port-Canaveral/2028-03-18-Disney-Treasure/WT-INSIDE
7-Night Western Caribbean Cruise from Port Canaveral,"April 1 - 8, 2028",Saturday - Saturday,"5289 USD
$
5,289","5765 USD
$
5,765","6605 USD
$
6,605","14137 USD
$
14,137",https://disneycruise.disney.go.com/en-in/cruises-destinations/list/WT0172/7-Night-Western-Caribbean-Cruise-from-Port-Canaveral/2028-04-01-Disney-Treasure/WT-INSIDE
7-Night Western Caribbean Cruise from Port Canaveral,"April 15 - 22, 2028",Saturday - Saturday,"5723 USD
$
5,723","6255 USD
$
6,255","7235 USD
$
7,235","17077 USD
$
17,077",https://disneycruise.disney.go.com/en-in/cruises-destinations/list/WT0174/7-Night-Western-Caribbean-Cruise-from-Port-Canaveral/2028-04-15-Disney-Treasure/WT-INSIDE
7-Night Western Caribbean Cruise from Port Canaveral,"April 29 - May 6, 2028",Saturday - Saturday,"4785 USD
$
4,785","5205 USD
$
5,205","5961 USD
$
5,961","12961 USD
$
12,961",https://disneycruise.disney.go.com/en-in/cruises-destinations/list/WT0176/7-Night-Western-Caribbean-Cruise-from-Port-Canaveral/2028-04-29-Disney-Treasure/WT-INSIDE
